,rating,mean_duration
0,PG-13,121.8803132938187975
1,R,119.3670632402707275
2,G,121.4660401459854014
3,NC-17,120.5963424643480044
4,PG,119.6918319169027383
