,category,avg_cost
0,Sports,20.3954054054054054
1,Classics,21.0075438596491228
2,New,19.4185714285714286
3,Family,19.7291304347826087
4,Comedy,19.0244827586206897
5,Animation,20.1263636363636364
6,Travel,19.0250877192982456
7,Music,19.4409803921568627
8,Drama,21.0867741935483871
9,Horror,19.8650000000000000
10,Sci-Fi,21.1539344262295082
11,Games,20.2850819672131148
12,Documentary,19.6223529411764706
13,Foreign,18.6475342465753425
14,Action,20.9118750000000000
15,Children,20.0566666666666667
